epoch,time,train/box_loss,train/cls_loss,train/dfl_loss,metrics/precision(B),metrics/recall(B),metrics/mAP50(B),metrics/mAP50-95(B),val/box_loss,val/cls_loss,val/dfl_loss,lr/pg0,lr/pg1,lr/pg2
1,66.48,2.36526,4.50148,2.34733,0.23399,0.66667,0.24893,0.14311,1.39997,3.17268,1.57979,5.001e-05,5.001e-05,5.001e-05
2,116.032,1.5787,2.76232,1.728,0.17536,0.61111,0.13622,0.10432,1.15697,6.37797,1.24602,0.000114356,0.000114356,0.000114356
3,166.859,1.419,1.91228,1.56269,0.76712,0.73248,0.73517,0.54016,1.23492,7.55813,1.16647,0.000176035,0.000176035,0.000176035
4,215.744,1.12087,1.58028,1.28624,0.85251,0.64324,0.67945,0.53321,1.24329,6.83065,1.11442,0.000235047,0.000235047,0.000235047
5,265.396,0.96446,1.31376,1.1811,1,0.71885,0.73956,0.57464,1.34842,6.05643,1.1569,0.000291392,0.000291392,0.000291392
6,313.649,0.95646,1.40679,1.15795,0.91531,0.77778,0.80272,0.61579,1.35234,2.93872,1.19321,0.000345069,0.000345069,0.000345069
7,360.84,0.91563,1.19283,1.15074,0.86616,0.77778,0.78217,0.54345,1.38607,2.75417,1.19145,0.00039608,0.00039608,0.00039608
8,408.026,0.86232,1.13717,1.09442,0.87065,0.77778,0.84986,0.60728,1.42025,1.92574,1.16081,0.000444423,0.000444423,0.000444423
9,458.708,0.87972,1.02856,1.12101,0.75345,0.88889,0.89773,0.63098,1.02189,2.11266,0.97337,0.000490099,0.000490099,0.000490099
10,541.495,1.0394,1.12504,1.22481,0.68111,0.88889,0.86712,0.61323,1.06705,2.61014,1.0298,0.000533108,0.000533108,0.000533108
11,599.142,0.91154,0.98204,1.12874,0.73804,0.83333,0.84563,0.65009,0.67453,2.23603,0.92986,0.000573449,0.000573449,0.000573449
12,646.594,0.88422,1.00827,1.13166,0.93713,0.82842,0.90912,0.53735,1.5869,3.083,1.33517,0.000611124,0.000611124,0.000611124
13,693.998,0.89876,0.99783,1.11153,0.72707,1,0.97206,0.81047,0.67923,2.92672,0.95432,0.000646131,0.000646131,0.000646131
14,754.179,0.82359,0.86412,1.09538,0.77411,1,0.98056,0.85399,0.57683,3.00741,0.82828,0.000678471,0.000678471,0.000678471
15,801.421,0.88119,0.90605,1.12195,0.93474,0.83333,0.90499,0.68499,0.95997,1.63796,0.93249,0.000708144,0.000708144,0.000708144
16,58.163,1.20558,3.83259,12.1832,0.00145,0.22222,0.00135,0.00037,5.20231,3.54496e+06,1.3083e+06,0.00073515,0.00073515,0.00073515
17,130.219,1.56961,2.09925,8.49068,0.0036,0.5,0.00291,0.00107,5.11587,197554,45716.8,0.000759489,0.000759489,0.000759489
18,224.253,1.61916,1.64157,8.22095,0.00135,0.11111,0.00216,0.00022,5.70098,38825.5,8499.97,0.00078116,0.00078116,0.00078116
19,359.23,1.40583,1.54167,7.93387,0.00513,0.38889,0.00604,0.00167,4.88912,8935.26,4035.8,0.000800165,0.000800165,0.000800165
